<?xml version="1.0" encoding="UTF-8"?>
<beans xmlns="http://www.springframework.org/schema/beans"
	xmlns:aop="http://www.springframework.org/schema/aop" 
	xmlns:batch="http://www.springframework.org/schema/batch" xmlns:task="http://www.springframework.org/schema/task"
	xmlns:file="http://www.springframework.org/schema/integration/file"	
	xmlns:p="http://www.springframework.org/schema/p" xmlns:xsi="http://www.w3.org/2001/XMLSchema-instance"
	xmlns:context="http://www.springframework.org/schema/context"
	xmlns:jdbc="http://www.springframework.org/schema/jdbc"
	xmlns:util="http://www.springframework.org/schema/util"
	xsi:schemaLocation="http://www.springframework.org/schema/beans	
	http://www.springframework.org/schema/beans/spring-beans.xsd 	
	http://www.springframework.org/schema/integration/file 
	http://www.springframework.org/schema/integration/file/spring-integration-file.xsd
    http://www.springframework.org/schema/beans 
    http://www.springframework.org/schema/beans/spring-beans.xsd
    http://www.springframework.org/schema/batch 
    http://www.springframework.org/schema/batch/spring-batch.xsd
    http://www.springframework.org/schema/context 
    http://www.springframework.org/schema/context/spring-context.xsd 	
	http://www.springframework.org/schema/util 
	http://www.springframework.org/schema/util/spring-util.xsd
	http://www.springframework.org/schema/task
    http://www.springframework.org/schema/task/spring-task.xsd
    http://www.springframework.org/schema/jdbc 
	http://www.springframework.org/schema/jdbc/spring-jdbc.xsd">
	
	<bean id="report" class="com.example.batch.Report" scope="prototype"/>		
	 <!-- Counting process -->
  	<bean id="itemProcessor" class="com.example.batch.CustomItemProcessor" />
	
	<batch:job id="batchJob" restartable="true">
		<batch:step id="batchStep">
			<batch:tasklet allow-start-if-complete="true">
				<batch:chunk reader="itemReader" writer="itemWriter" processor="itemProcessor"
				commit-interval="2"></batch:chunk>
			</batch:tasklet>
		</batch:step>
	</batch:job>

	
	<!-- Read data from the csv file-->
	<bean id="itemReader" class="org.springframework.batch.item.file.FlatFileItemReader">
   		<property name="resource" value="classpath:input/inputFile.csv"></property>
   		<property name="linesToSkip" value="0"></property>
   		<property name="lineMapper">
   			<bean class="org.springframework.batch.item.file.mapping.DefaultLineMapper">
   				<property name="lineTokenizer">
   					<bean class="org.springframework.batch.item.file.transform.DelimitedLineTokenizer">
   						<property name="names" value="texte"></property>
   					</bean>
   			    </property>
   				<property name="fieldSetMapper">
   					<bean class="org.springframework.batch.item.file.mapping.BeanWrapperFieldSetMapper">
   						<property name="prototypeBeanName" value="report"></property>
   					</bean>
   				</property>
   			</bean>
   		</property>
   </bean>
   
   
    <bean id="itemWriter" class="org.springframework.batch.item.file.FlatFileItemWriter">
    <!-- write to this csv file -->
   	<property name="resource" value="file:csv/report.csv"></property>
	<property name="shouldDeleteIfExists" value="true" />
		<property name="lineAggregator">
			<bean
				class="org.springframework.batch.item.file.transform.DelimitedLineAggregator">
				<property name="delimiter" value=" : " />
				<property name="fieldExtractor">
					<bean
						class="org.springframework.batch.item.file.transform.BeanWrapperFieldExtractor">
						<property name="names" value="texte,count" />
					</bean>
				</property>
			</bean>
		</property>

	</bean>	
	
   <!--  This is to make use of the spring provided test launcher -->
   <bean class="org.springframework.batch.test.JobLauncherTestUtils"/>
	
</beans>